,FileName,XMin,XMax,YMin,YMax,ClassName
0,037589768556e2f2.jpg,0.146341,0.9990620000000001,0.2525,0.88,Bed
1,054c7da0d43116c6.jpg,0.0,0.398125,0.7757970000000001,0.9990620000000001,Bed
2,054c7da0d43116c6.jpg,0.1575,0.7075,0.506567,0.9990620000000001,Bed
3,05e7028b58a92ae5.jpg,0.039062,0.603125,0.548117,0.9184100000000001,Table
4,086e06935d206fc5.jpg,0.0,0.594167,0.533125,0.999375,Table
5,086e06935d206fc5.jpg,0.573333,0.746667,0.539375,0.701875,Table
6,086e06935d206fc5.jpg,0.930833,0.999167,0.576875,0.76125,Table
7,09b522acf0c2a717.jpg,0.20875,0.374375,0.739212,1.0,Chair
8,09b522acf0c2a717.jpg,0.0,0.01,0.189493,0.29925,Chair
9,09b522acf0c2a717.jpg,0.0,0.021875,0.506567,0.628518,Chair
10,09b522acf0c2a717.jpg,0.0,0.033125,0.403377,0.48217600000000005,Chair
11,09b522acf0c2a717.jpg,0.0,0.06,0.291745,0.35272,Chair
12,09b522acf0c2a717.jpg,0.0,0.073125,0.354597,0.38555300000000003,Chair
13,09b522acf0c2a717.jpg,0.00125,0.024375,0.468105,0.516886,Chair
14,09b522acf0c2a717.jpg,0.01,0.045625,0.537523,0.658537,Chair
15,09b522acf0c2a717.jpg,0.0125,0.091875,0.160413,0.301126,Chair
16,09b522acf0c2a717.jpg,0.026875,0.198125,0.636023,0.976548,Chair
17,09b522acf0c2a717.jpg,0.07,0.1125,0.35272,0.39118200000000003,Chair
18,09b522acf0c2a717.jpg,0.090625,0.165,0.15853699999999998,0.287993,Chair
19,09b522acf0c2a717.jpg,0.128125,0.243125,0.625704,0.9990620000000001,Chair
20,09b522acf0c2a717.jpg,0.145625,0.179375,0.29925,0.35272,Chair
21,09b522acf0c2a717.jpg,0.1625,0.243125,0.193246,0.30487800000000004,Chair
22,09b522acf0c2a717.jpg,0.21,0.25875,0.303002,0.34521599999999997,Chair
23,09b522acf0c2a717.jpg,0.25625,0.296875,0.18574100000000002,0.29925,Chair
24,09b522acf0c2a717.jpg,0.293125,0.384375,0.34521599999999997,0.42964399999999997,Chair
25,09b522acf0c2a717.jpg,0.31,0.41875,0.370544,0.47654799999999997,Chair
26,09b522acf0c2a717.jpg,0.331875,0.349375,0.293621,0.350844,Chair
27,09b522acf0c2a717.jpg,0.343125,0.355,0.297373,0.33771100000000004,Chair
28,09b522acf0c2a717.jpg,0.344375,0.36,0.24765500000000001,0.291745,Chair
29,09b522acf0c2a717.jpg,0.36,0.42375,0.249531,0.303002,Chair
30,09b522acf0c2a717.jpg,0.47375,0.52875,0.350844,0.42964399999999997,Chair
31,09b522acf0c2a717.jpg,0.484375,0.515,0.30487800000000004,0.35272,Chair
32,09b522acf0c2a717.jpg,0.486875,0.491875,0.253283,0.27579699999999996,Chair
33,09b522acf0c2a717.jpg,0.51375,0.599375,0.347092,0.528143,Chair
34,09b522acf0c2a717.jpg,0.515,0.545625,0.43621000000000004,0.5487810000000001,Chair
35,09b522acf0c2a717.jpg,0.62,0.67375,0.44183900000000004,0.58349,Chair
36,09b522acf0c2a717.jpg,0.6825,0.909375,0.773921,0.9990620000000001,Chair
37,09b522acf0c2a717.jpg,0.7275,0.7775,0.4803,0.6088180000000001,Chair
38,09b522acf0c2a717.jpg,0.901875,0.999375,0.70075,0.893058,Chair
39,09b522acf0c2a717.jpg,0.911875,0.97625,0.5487810000000001,0.693246,Chair
40,09b522acf0c2a717.jpg,0.001875,0.318125,0.18667899999999998,0.307692,Table
41,09b522acf0c2a717.jpg,0.125625,0.785625,0.49812399999999996,0.8677299999999999,Table
42,09b522acf0c2a717.jpg,0.170625,0.60125,0.384615,0.399625,Table
43,09c75252145f619e.jpg,0.28,1.0,0.49583299999999997,0.970833,Bed
44,09c75252145f619e.jpg,0.024375,0.27625,0.5425,0.9033329999999999,Table
45,09c75252145f619e.jpg,0.1025,0.245,0.568333,0.8475,Chair
46,09c75252145f619e.jpg,0.50625,0.683125,0.4925,0.689167,Chair
47,09c75252145f619e.jpg,0.0,0.115625,0.661667,0.999167,Table
48,09c75252145f619e.jpg,0.694375,0.83125,0.6,0.670833,Table
49,0a5da716534a5138.jpg,0.483333,0.612222,0.54698,0.8305370000000001,Chair
50,0a5da716534a5138.jpg,0.5855560000000001,0.702222,0.516779,0.729866,Chair
51,0a5da716534a5138.jpg,0.6,0.7944439999999999,0.63255,0.9731540000000001,Chair
52,0a5da716534a5138.jpg,0.6844439999999999,0.791111,0.49328900000000003,0.6963090000000001,Chair
53,0a5da716534a5138.jpg,0.741111,0.9011110000000001,0.58557,0.862416,Chair
54,0a5da716534a5138.jpg,0.8044439999999999,0.943333,0.548658,0.778524,Chair
55,0a5da716534a5138.jpg,0.8088890000000001,0.9155559999999999,0.48489899999999997,0.6610739999999999,Chair
56,0a5da716534a5138.jpg,0.823333,0.9988889999999999,0.41275200000000006,0.530201,Chair
57,0c83a1c0d8901a2d.jpg,0.03625,0.113125,0.668539,0.7612359999999999,Chair
58,0c83a1c0d8901a2d.jpg,0.19875,0.276875,0.6516850000000001,0.8417600000000001,Chair
59,0c83a1c0d8901a2d.jpg,0.263125,0.329375,0.661049,0.8033710000000001,Chair
60,0c83a1c0d8901a2d.jpg,0.323125,0.38875,0.6385770000000001,0.8342700000000001,Chair
61,0c83a1c0d8901a2d.jpg,0.44625,0.5025,0.63015,0.7378279999999999,Chair
62,0c83a1c0d8901a2d.jpg,0.530625,0.584375,0.600187,0.715356,Chair
63,0c83a1c0d8901a2d.jpg,0.54125,0.670625,0.8014979999999999,0.995318,Chair
64,0c83a1c0d8901a2d.jpg,0.7,0.84875,0.816479,0.999064,Chair
65,0c83a1c0d8901a2d.jpg,0.8525,0.895625,0.620786,0.719101,Chair
66,0c83a1c0d8901a2d.jpg,0.9,0.999375,0.673221,0.916667,Chair
67,0e4c31f4b612cb53.jpg,0.001044,0.129436,0.916667,0.966667,Chair
68,0e4c31f4b612cb53.jpg,0.011482,0.093946,0.8486670000000001,0.876,Chair
69,0e4c31f4b612cb53.jpg,0.011482,0.118998,0.879333,0.942667,Chair
70,0e4c31f4b612cb53.jpg,0.102296,0.158664,0.834667,0.867333,Chair
71,0e4c31f4b612cb53.jpg,0.155532,0.23381999999999997,0.860667,0.927333,Chair
72,0e4c31f4b612cb53.jpg,0.169102,0.26826700000000003,0.889333,0.930667,Chair
73,0e4c31f4b612cb53.jpg,0.180585,0.242171,0.836667,0.855333,Chair
74,0e4c31f4b612cb53.jpg,0.235908,0.353862,0.942667,0.994,Chair
75,0e4c31f4b612cb53.jpg,0.26618,0.316284,0.829333,0.8466670000000001,Chair
76,0e4c31f4b612cb53.jpg,0.29227600000000004,0.36743200000000004,0.870667,0.908,Chair
77,0e4c31f4b612cb53.jpg,0.303758,0.365344,0.843333,0.879333,Chair
78,0e4c31f4b612cb53.jpg,0.327766,0.360125,0.822667,0.841333,Chair
79,0e4c31f4b612cb53.jpg,0.377871,0.434238,0.832667,0.889333,Chair
80,0e4c31f4b612cb53.jpg,0.41858,0.490605,0.912,0.997333,Chair
81,0e4c31f4b612cb53.jpg,0.44050100000000003,0.483299,0.828,0.855333,Chair
82,0e4c31f4b612cb53.jpg,0.44050100000000003,0.49895600000000007,0.85,0.884,Chair
83,0e4c31f4b612cb53.jpg,0.5,0.580376,0.898667,0.988667,Chair
84,0e4c31f4b612cb53.jpg,0.504175,0.541754,0.841333,0.864,Chair
85,0e4c31f4b612cb53.jpg,0.557411,0.592902,0.832667,0.855333,Chair
86,0e4c31f4b612cb53.jpg,0.5824630000000001,0.670146,0.870667,0.998667,Chair
87,0e4c31f4b612cb53.jpg,0.659708,0.707724,0.856667,0.959333,Chair
88,0e4c31f4b612cb53.jpg,0.675365,0.740084,0.841333,0.942667,Chair
89,0fa4805e3f949ef8.jpg,0.0425,0.9375,0.41917299999999996,0.970865,Table
90,0fa4805e3f949ef8.jpg,0.0,0.999375,0.119361,0.9990600000000001,Chair
91,0fa4805e3f949ef8.jpg,0.000625,0.999375,0.129699,0.5075189999999999,Table
92,111dadc2f57d9f11.jpg,0.114375,0.295625,0.6425,0.945,Chair
93,111dadc2f57d9f11.jpg,0.47875,0.531875,0.468333,0.644167,Chair
94,111dadc2f57d9f11.jpg,0.501875,0.59625,0.511667,0.709167,Chair
95,111dadc2f57d9f11.jpg,0.539375,0.573125,0.458333,0.526667,Chair
96,111dadc2f57d9f11.jpg,0.63875,0.8575,0.683333,0.999167,Chair
97,111dadc2f57d9f11.jpg,0.6775,0.730625,0.458333,0.609167,Chair
98,111dadc2f57d9f11.jpg,0.695625,0.79125,0.476667,0.686667,Chair
99,111dadc2f57d9f11.jpg,0.761875,0.843125,0.47,0.644167,Chair
100,111dadc2f57d9f11.jpg,0.285,0.534375,0.615,0.850833,Table
101,111dadc2f57d9f11.jpg,0.526875,0.748125,0.465833,0.674167,Table
102,13642faa2b6ff80a.jpg,0.024375,0.984375,0.505,0.975,Bed
103,13642faa2b6ff80a.jpg,0.500625,0.979375,0.149375,0.43125,Bed
104,159b19b54665052a.jpg,0.5275,0.953125,0.433396,0.664165,Chair
105,159b19b54665052a.jpg,0.934375,0.999375,0.47279499999999997,0.6510319999999999,Chair
106,178d3b4b61ed06e0.jpg,0.763125,0.865,0.621013,0.812383,Table
107,178d3b4b61ed06e0.jpg,0.0,0.113125,0.711069,0.9803,Table
108,178d3b4b61ed06e0.jpg,0.025625,0.235,0.663227,0.812383,Table
109,178d3b4b61ed06e0.jpg,0.10375,0.613125,0.8442780000000001,0.9990620000000001,Table
110,178d3b4b61ed06e0.jpg,0.165625,0.29375,0.6144470000000001,0.766416,Table
111,178d3b4b61ed06e0.jpg,0.294375,0.593125,0.713884,0.8536590000000001,Table
112,178d3b4b61ed06e0.jpg,0.3375,0.46,0.661351,0.726079,Table
113,178d3b4b61ed06e0.jpg,0.35125,0.44875,0.6181989999999999,0.665103,Table
114,178d3b4b61ed06e0.jpg,0.481875,0.5075,0.579737,0.593809,Table
115,18bfd04a0ef87d1c.jpg,0.584667,0.79781,0.710625,0.95875,Chair
116,18bfd04a0ef87d1c.jpg,0.040438,0.12384200000000001,0.629375,0.68375,Chair
117,18bfd04a0ef87d1c.jpg,0.07497899999999999,0.30075799999999997,0.714375,0.995,Chair
118,18bfd04a0ef87d1c.jpg,0.128054,0.236731,0.629375,0.681875,Chair
119,18bfd04a0ef87d1c.jpg,0.2738,0.38163400000000003,0.6275,0.685625,Chair
120,18bfd04a0ef87d1c.jpg,0.337826,0.545072,0.709375,0.999375,Chair
121,18bfd04a0ef87d1c.jpg,0.384162,0.481045,0.6225,0.68375,Chair
122,18bfd04a0ef87d1c.jpg,0.491997,0.58214,0.629375,0.690625,Chair
123,18bfd04a0ef87d1c.jpg,0.620893,0.711036,0.634375,0.685625,Chair
124,18bfd04a0ef87d1c.jpg,0.809604,0.999158,0.718125,0.999375,Chair
125,1af8c33a79b5d2ea.jpg,0.0,0.033125,0.335833,0.380833,Table
126,1af8c33a79b5d2ea.jpg,0.0,0.055,0.25,0.31666700000000003,Table
127,1af8c33a79b5d2ea.jpg,0.0425,0.099375,0.3825,0.450833,Table
128,1af8c33a79b5d2ea.jpg,0.0575,0.109375,0.2925,0.36833299999999997,Table
129,1af8c33a79b5d2ea.jpg,0.109375,0.16375,0.3475,0.426667,Table
130,1af8c33a79b5d2ea.jpg,0.32,0.373125,0.1,0.180833,Table
131,1af8c33a79b5d2ea.jpg,0.495625,0.5475,0.2,0.265,Table
132,1af8c33a79b5d2ea.jpg,0.55625,0.62375,0.166667,0.25166700000000003,Table
133,1af8c33a79b5d2ea.jpg,0.644375,0.694375,0.14083299999999999,0.215,Table
134,1af8c33a79b5d2ea.jpg,0.809375,0.849375,0.025833,0.0925,Table
135,1af8c33a79b5d2ea.jpg,0.844375,0.89375,0.06,0.125833,Table
136,1af8c33a79b5d2ea.jpg,0.874375,0.929375,0.053333000000000005,0.08416699999999999,Table
137,1af8c33a79b5d2ea.jpg,0.889375,0.929375,0.0,0.040833,Table
138,1af8c33a79b5d2ea.jpg,0.951875,0.98875,0.030833,0.09666699999999999,Table
139,296b7e19382378a0.jpg,0.0,0.11625,0.47654799999999997,0.737336,Table
140,296b7e19382378a0.jpg,0.0,0.129375,0.287993,0.47654799999999997,Table
141,296b7e19382378a0.jpg,0.199375,0.83,0.418386,0.9990620000000001,Table
142,296b7e19382378a0.jpg,0.506875,0.82625,0.314259,0.44183900000000004,Table
143,296b7e19382378a0.jpg,0.6775,0.82,0.266417,0.33771100000000004,Table
144,312acc5187608621.jpg,0.16,0.96,0.314229,0.988142,Bed
145,365f1665eb1374d8.jpg,0.53125,0.586458,0.584375,0.720312,Chair
146,365f1665eb1374d8.jpg,0.26979200000000003,0.427083,0.585938,0.734375,Table
147,365f1665eb1374d8.jpg,0.258333,0.267708,0.554688,0.615625,Chair
148,365f1665eb1374d8.jpg,0.264583,0.319792,0.614062,0.739062,Chair
149,365f1665eb1374d8.jpg,0.311458,0.371875,0.61875,0.732813,Chair
150,365f1665eb1374d8.jpg,0.37083299999999997,0.43333299999999997,0.598437,0.728125,Chair
151,365f1665eb1374d8.jpg,0.388542,0.467708,0.5375,0.623438,Chair
152,365f1665eb1374d8.jpg,0.465625,0.507292,0.564062,0.642187,Chair
153,365f1665eb1374d8.jpg,0.513542,0.548958,0.559375,0.642187,Chair
154,365f1665eb1374d8.jpg,0.533333,0.553125,0.5875,0.673437,Chair
155,365f1665eb1374d8.jpg,0.60625,0.673958,0.582812,0.696875,Chair
156,365f1665eb1374d8.jpg,0.667708,0.7,0.576563,0.670313,Chair
157,365f1665eb1374d8.jpg,0.711458,0.758333,0.559375,0.65625,Chair
158,365f1665eb1374d8.jpg,0.752083,0.779167,0.548437,0.626562,Chair
159,365f1665eb1374d8.jpg,0.528125,0.915625,0.771875,0.9984379999999999,Table
160,365f1665eb1374d8.jpg,0.545833,0.665625,0.590625,0.6875,Table
161,365f1665eb1374d8.jpg,0.678125,0.772917,0.559375,0.629687,Table
162,3dc0e2f951beb1eb.jpg,0.0025,0.115625,0.584167,0.910833,Chair
163,3dc0e2f951beb1eb.jpg,0.549375,0.655,0.635833,0.8,Chair
164,3dc0e2f951beb1eb.jpg,0.640625,0.72375,0.553333,0.7375,Chair
165,3dc0e2f951beb1eb.jpg,0.69,0.799375,0.56,0.8,Chair
166,3dc0e2f951beb1eb.jpg,0.78,0.871875,0.548333,0.746667,Chair
167,3dc0e2f951beb1eb.jpg,0.845,0.986875,0.558333,0.829167,Chair
168,3dc0e2f951beb1eb.jpg,0.913125,0.999375,0.548333,0.8375,Chair
169,3fca5eb333d79c3f.jpg,0.013817,0.184801,0.696703,1.0,Chair
170,3fca5eb333d79c3f.jpg,0.164076,0.314335,0.7824180000000001,0.975824,Table
171,3fca5eb333d79c3f.jpg,0.369603,0.5112260000000001,0.786813,0.96044,Table
172,3fca5eb333d79c3f.jpg,0.516408,0.6131260000000001,0.802198,0.978022,Table
173,46af1f4232978c7c.jpg,0.59875,0.709375,0.5675,0.8775,Chair
174,46af1f4232978c7c.jpg,0.000625,0.600625,0.451667,0.9775,Bed
175,46af1f4232978c7c.jpg,0.0,0.095,0.7,0.999167,Chair
176,484c646fbb9270d2.jpg,0.0,0.02125,0.280833,0.356667,Bed
177,484c646fbb9270d2.jpg,0.0,0.114375,0.3825,0.508333,Bed
178,484c646fbb9270d2.jpg,0.0,0.2475,0.425833,0.751667,Bed
179,484c646fbb9270d2.jpg,0.066875,0.221875,0.31083299999999997,0.4275,Bed
180,484c646fbb9270d2.jpg,0.144375,0.25125,0.260833,0.3325,Bed
181,484c646fbb9270d2.jpg,0.3975,0.6425,0.453333,0.735833,Bed
182,484c646fbb9270d2.jpg,0.544375,0.738125,0.286667,0.3775,Bed
183,484c646fbb9270d2.jpg,0.55875,0.854375,0.398333,0.553333,Bed
184,484c646fbb9270d2.jpg,0.56125,0.75875,0.341667,0.434167,Bed
185,484c646fbb9270d2.jpg,0.691875,0.999375,0.446667,0.761667,Bed
186,4c7ce6194b32c935.jpg,0.6425,0.985,0.189493,0.566604,Table
187,4de5eaf8316f33ef.jpg,0.05625,0.203125,0.810833,0.975833,Chair
188,4de5eaf8316f33ef.jpg,0.25625,0.43625,0.805,0.939167,Chair
189,5096bac80bb6f9b6.jpg,0.0,0.989848,0.157116,0.9990760000000001,Bed
190,50a626503ae81513.jpg,0.699375,0.915,0.43,0.963333,Chair
191,50a626503ae81513.jpg,0.116875,0.37875,0.5175,0.985833,Table
192,50a626503ae81513.jpg,0.031875,0.224375,0.361667,0.755833,Chair
193,50a626503ae81513.jpg,0.038125,0.186875,0.7575,0.999167,Chair
194,50a626503ae81513.jpg,0.229375,0.3225,0.361667,0.516667,Chair
195,50a626503ae81513.jpg,0.36875,0.760625,0.499167,0.999167,Chair
196,50a626503ae81513.jpg,0.7425,0.795,0.413333,0.5975,Chair
197,50a626503ae81513.jpg,0.8725,0.999375,0.434167,0.775,Chair
198,512a15bc696b4775.jpg,0.299375,0.513125,0.538462,0.7560979999999999,Bed
199,533427e45b648768.jpg,0.0,0.0475,0.51,0.589167,Chair
200,533427e45b648768.jpg,0.005,0.149375,0.673333,0.999167,Chair
201,533427e45b648768.jpg,0.01625,0.0525,0.475,0.575,Chair
202,533427e45b648768.jpg,0.031875,0.071875,0.4875,0.5975,Chair
203,533427e45b648768.jpg,0.0525,0.125,0.518333,0.660833,Chair
204,533427e45b648768.jpg,0.063125,0.259375,0.7525,0.999167,Chair
205,533427e45b648768.jpg,0.069375,0.099375,0.476667,0.494167,Chair
206,533427e45b648768.jpg,0.078125,0.12,0.499167,0.645833,Chair
207,533427e45b648768.jpg,0.09375,0.12375,0.485833,0.52,Chair
208,533427e45b648768.jpg,0.104375,0.175,0.52,0.67,Chair
209,533427e45b648768.jpg,0.12625,0.153125,0.47,0.4975,Chair
210,533427e45b648768.jpg,0.140625,0.1725,0.489167,0.516667,Chair
211,533427e45b648768.jpg,0.16875,0.23875,0.513333,0.663333,Chair
212,533427e45b648768.jpg,0.17125,0.186875,0.48,0.513333,Chair
213,533427e45b648768.jpg,0.2125,0.24375,0.485833,0.513333,Chair
214,533427e45b648768.jpg,0.218125,0.231875,0.468333,0.489167,Chair
215,533427e45b648768.jpg,0.233125,0.310625,0.505833,0.649167,Chair
216,533427e45b648768.jpg,0.23625,0.27625,0.468333,0.549167,Chair
217,533427e45b648768.jpg,0.264375,0.29,0.465,0.515,Chair
218,533427e45b648768.jpg,0.264375,0.32125,0.4975,0.63,Chair
219,533427e45b648768.jpg,0.294375,0.325,0.471667,0.499167,Chair
220,533427e45b648768.jpg,0.3175,0.345625,0.478333,0.568333,Chair
221,533427e45b648768.jpg,0.32375,0.44,0.563333,0.795833,Chair
222,533427e45b648768.jpg,0.331875,0.410625,0.5375,0.735,Chair
223,533427e45b648768.jpg,0.333125,0.3575,0.458333,0.476667,Chair
224,533427e45b648768.jpg,0.3525,0.384375,0.478333,0.575,Chair
225,533427e45b648768.jpg,0.386875,0.43625,0.521667,0.5875,Chair
226,533427e45b648768.jpg,0.39375,0.43,0.478333,0.5575,Chair
227,533427e45b648768.jpg,0.39875,0.52375,0.5875,0.844167,Chair
228,533427e45b648768.jpg,0.43125,0.47125,0.4825,0.555833,Chair
229,533427e45b648768.jpg,0.460625,0.494375,0.461667,0.544167,Chair
230,533427e45b648768.jpg,0.4775,0.501875,0.458333,0.5341670000000001,Chair
231,533427e45b648768.jpg,0.490625,0.535625,0.515,0.549167,Chair
232,533427e45b648768.jpg,0.496875,0.541875,0.461667,0.531667,Chair
233,533427e45b648768.jpg,0.5175,0.625,0.578333,0.831667,Chair
234,533427e45b648768.jpg,0.536875,0.571875,0.463333,0.540833,Chair
235,533427e45b648768.jpg,0.566875,0.6,0.461667,0.5341670000000001,Chair
236,533427e45b648768.jpg,0.566875,0.618125,0.513333,0.561667,Chair
237,533427e45b648768.jpg,0.58875,0.604375,0.46,0.518333,Chair
238,533427e45b648768.jpg,0.59875,0.715,0.576667,0.809167,Chair
239,533427e45b648768.jpg,0.650625,0.734375,0.5475,0.7575,Chair
240,533427e45b648768.jpg,0.654375,0.689375,0.526667,0.7075,Chair
241,533427e45b648768.jpg,0.658125,0.70875,0.485833,0.6075,Chair
242,533427e45b648768.jpg,0.67875,0.729375,0.471667,0.609167,Chair
243,533427e45b648768.jpg,0.685625,0.74875,0.4925,0.62,Chair
244,533427e45b648768.jpg,0.696875,0.895,0.7575,0.999167,Chair
245,533427e45b648768.jpg,0.75125,0.813125,0.499167,0.633333,Chair
246,533427e45b648768.jpg,0.804375,0.880625,0.499167,0.640833,Chair
247,533427e45b648768.jpg,0.85875,0.923125,0.4875,0.6025,Chair
248,533427e45b648768.jpg,0.86125,0.928125,0.4975,0.626667,Chair
249,533427e45b648768.jpg,0.895,0.999375,0.644167,0.79,Chair
250,533427e45b648768.jpg,0.90875,0.98625,0.5425,0.690833,Chair
251,533427e45b648768.jpg,0.91125,0.9775,0.526667,0.6525,Chair
252,533427e45b648768.jpg,0.953125,0.993125,0.475,0.578333,Chair
253,533427e45b648768.jpg,0.960625,0.998125,0.471667,0.568333,Chair
254,533427e45b648768.jpg,0.963125,0.999375,0.561667,0.718333,Chair
255,533427e45b648768.jpg,0.98625,0.999375,0.53,0.576667,Chair
256,578b11d208977066.jpg,0.18731099999999998,0.462236,0.725,0.967,Chair
257,578b11d208977066.jpg,0.208459,0.767372,0.702,0.979,Table
258,578b11d208977066.jpg,0.391239,0.558912,0.821,0.999,Table
259,578b11d208977066.jpg,0.8731120000000001,0.998489,0.76,0.906,Table
260,5cd666a15e2d5592.jpg,0.294375,0.7225,0.708383,0.996458,Bed
261,5cd666a15e2d5592.jpg,0.306875,0.53125,0.6139319999999999,0.739079,Bed
262,5cd666a15e2d5592.jpg,0.315,0.456875,0.567887,0.6351829999999999,Bed
263,6214a50db2744d98.jpg,0.0,0.591797,0.7510979999999999,0.9985360000000001,Table
264,6214a50db2744d98.jpg,0.320312,0.953125,0.689605,0.960469,Table
265,6214a50db2744d98.jpg,0.478516,0.591797,0.547584,0.701318,Table
266,6214a50db2744d98.jpg,0.663086,0.8085939999999999,0.568082,0.7306,Table
267,66e52a6692af30a0.jpg,0.001667,0.16,0.565,0.9975,Chair
268,66e52a6692af30a0.jpg,0.0,0.021667,0.5575,0.6575,Chair
269,66e52a6692af30a0.jpg,0.021667,0.05,0.5075,0.5925,Chair
270,66e52a6692af30a0.jpg,0.051667,0.11333299999999999,0.5225,0.6,Chair
271,66e52a6692af30a0.jpg,0.101667,0.193333,0.5475,0.84,Chair
272,66e52a6692af30a0.jpg,0.188333,0.265,0.535,0.765,Chair
273,66e52a6692af30a0.jpg,0.326667,0.496667,0.5575,0.97,Chair
274,66e52a6692af30a0.jpg,0.38166700000000003,0.446667,0.5075,0.725,Chair
275,66e52a6692af30a0.jpg,0.451667,0.503333,0.5225,0.65,Chair
276,66e52a6692af30a0.jpg,0.515,0.56,0.51,0.5625,Chair
277,66e52a6692af30a0.jpg,0.531667,0.601667,0.53,0.655,Chair
278,66e52a6692af30a0.jpg,0.56,0.673333,0.54,0.9025,Chair
279,66e52a6692af30a0.jpg,0.58,0.625,0.5075,0.5625,Chair
280,66e52a6692af30a0.jpg,0.6533329999999999,0.705,0.52,0.58,Chair
281,66e52a6692af30a0.jpg,0.705,0.845,0.5225,0.805,Chair
282,66e52a6692af30a0.jpg,0.72,0.791667,0.5175,0.735,Chair
283,6772d9c0091bba07.jpg,0.00375,0.3225,0.37,0.859167,Bed
284,6772d9c0091bba07.jpg,0.16625,0.463125,0.36833299999999997,0.568333,Bed
285,6772d9c0091bba07.jpg,0.5875,0.905,0.375,0.513333,Bed
286,6772d9c0091bba07.jpg,0.609375,0.999375,0.526667,0.905833,Bed
287,6772d9c0091bba07.jpg,0.615625,0.968125,0.37333299999999997,0.665,Bed
288,6772d9c0091bba07.jpg,0.049375,0.178125,0.43083299999999997,0.530833,Table
289,677362a38d92b9ec.jpg,0.46759300000000004,0.551852,0.683333,0.7675930000000001,Table
290,684d342f13aea2c0.jpg,0.359375,0.8453120000000001,0.540625,0.8296870000000001,Table
291,6c74a94450420453.jpg,0.0,0.026875,0.828333,0.981667,Chair
292,6c74a94450420453.jpg,0.0,0.08,0.635,0.849167,Chair
293,6c74a94450420453.jpg,0.01625,0.13625,0.613333,0.836667,Chair
294,6c74a94450420453.jpg,0.036875,0.064375,0.511667,0.628333,Chair
295,6c74a94450420453.jpg,0.076875,0.115625,0.515,0.6375,Chair
296,6c74a94450420453.jpg,0.08125,0.1675,0.735,0.9025,Chair
297,6c74a94450420453.jpg,0.095,0.194375,0.581667,0.740833,Chair
298,6c74a94450420453.jpg,0.100625,0.13125,0.500833,0.531667,Chair
299,6c74a94450420453.jpg,0.150625,0.21125,0.671667,0.844167,Chair
300,6c74a94450420453.jpg,0.189375,0.20375,0.511667,0.568333,Chair
301,6c74a94450420453.jpg,0.2075,0.24875,0.633333,0.699167,Chair
302,6c74a94450420453.jpg,0.233125,0.29,0.581667,0.6475,Chair
303,6c74a94450420453.jpg,0.306875,0.325,0.48,0.499167,Chair
304,6c74a94450420453.jpg,0.310625,0.346875,0.523333,0.568333,Chair
305,6c74a94450420453.jpg,0.325,0.3675,0.4975,0.599167,Chair
306,6c74a94450420453.jpg,0.333125,0.3575,0.554167,0.649167,Chair
307,6c74a94450420453.jpg,0.344375,0.35625,0.465,0.478333,Chair
308,6c74a94450420453.jpg,0.36,0.409375,0.504167,0.609167,Chair
309,6c74a94450420453.jpg,0.39,0.47125,0.864167,0.999167,Chair
310,6c74a94450420453.jpg,0.3925,0.40375,0.485833,0.513333,Chair
311,6c74a94450420453.jpg,0.395,0.47625,0.554167,0.685,Chair
312,6c74a94450420453.jpg,0.419375,0.44,0.5283329999999999,0.581667,Chair
313,6c74a94450420453.jpg,0.421875,0.4325,0.456667,0.473333,Chair
314,6c74a94450420453.jpg,0.44,0.450625,0.473333,0.5025,Chair
315,6c74a94450420453.jpg,0.455625,0.5075,0.575,0.685,Chair
316,6c74a94450420453.jpg,0.456875,0.503125,0.7625,0.999167,Chair
317,6c74a94450420453.jpg,0.460625,0.47,0.471667,0.484167,Chair
318,6c74a94450420453.jpg,0.48125,0.491875,0.4975,0.5283329999999999,Chair
319,6c74a94450420453.jpg,0.493125,0.55125,0.715,0.999167,Chair
320,6c74a94450420453.jpg,0.50875,0.62375,0.6575,0.954167,Chair
321,6c74a94450420453.jpg,0.6,0.6625,0.573333,0.7475,Chair
322,6c74a94450420453.jpg,0.655625,0.735625,0.568333,0.731667,Chair
323,6c74a94450420453.jpg,0.698125,0.74,0.540833,0.686667,Chair
324,6c74a94450420453.jpg,0.74,0.7925,0.51,0.63,Chair
325,6c74a94450420453.jpg,0.756875,0.845,0.58,0.766667,Chair
326,6c74a94450420453.jpg,0.769375,0.78875,0.500833,0.554167,Chair
327,6c74a94450420453.jpg,0.811875,0.87125,0.5525,0.7125,Chair
328,6c74a94450420453.jpg,0.8225,0.9075,0.6591670000000001,0.960833,Chair
329,6c74a94450420453.jpg,0.82375,0.951875,0.72,0.995,Chair
330,6c74a94450420453.jpg,0.844375,0.961875,0.7625,0.999167,Chair
331,6c74a94450420453.jpg,0.8675,0.919375,0.855833,0.999167,Chair
332,6c74a94450420453.jpg,0.895,0.98875,0.615,0.715,Chair
333,6c74a94450420453.jpg,0.913125,0.966875,0.5425,0.5975,Chair
334,6c74a94450420453.jpg,0.0,0.118125,0.620833,0.7925,Table
335,6c74a94450420453.jpg,0.0,0.505625,0.668333,0.999167,Table
336,6c74a94450420453.jpg,0.16875,0.36625,0.556667,0.6875,Table
337,6c74a94450420453.jpg,0.28125,0.33,0.475833,0.540833,Table
338,6c74a94450420453.jpg,0.37125,0.423125,0.496667,0.558333,Table
339,6c74a94450420453.jpg,0.703125,0.75875,0.475833,0.525833,Table
340,6c74a94450420453.jpg,0.70875,0.7875,0.508333,0.630833,Table
341,6c74a94450420453.jpg,0.79375,0.999375,0.5775,0.751667,Table
342,6c74a94450420453.jpg,0.875,0.999375,0.71,0.999167,Table
343,6c74a94450420453.jpg,0.886875,0.9775,0.5225,0.5825,Table
344,6fdfae7f166f063a.jpg,0.226875,0.36875,0.52,0.8625,Chair
345,6fdfae7f166f063a.jpg,0.310625,0.370625,0.4875,0.615,Chair
346,6fdfae7f166f063a.jpg,0.32625,0.51625,0.665,0.970833,Chair
347,6fdfae7f166f063a.jpg,0.44125,0.501875,0.450833,0.578333,Chair
348,6fdfae7f166f063a.jpg,0.581875,0.9325,0.705833,0.999167,Chair
349,6fdfae7f166f063a.jpg,0.745,0.78875,0.500833,0.563333,Chair
350,6fdfae7f166f063a.jpg,0.799375,0.8625,0.406667,0.48,Chair
351,6fdfae7f166f063a.jpg,0.85625,0.961875,0.5475,0.781667,Chair
352,6fdfae7f166f063a.jpg,0.94125,0.999375,0.5283329999999999,0.735,Chair
353,70593d4081a97c91.jpg,0.13617,0.612766,0.614286,0.9371430000000001,Chair
354,70593d4081a97c91.jpg,0.0,0.140426,0.54,0.568571,Chair
355,70593d4081a97c91.jpg,0.0,0.24468099999999998,0.6442859999999999,0.9985709999999999,Chair
356,70593d4081a97c91.jpg,0.14893599999999999,0.304255,0.54,0.574286,Chair
357,70593d4081a97c91.jpg,0.306383,0.46595699999999995,0.54,0.6714289999999999,Chair
358,70593d4081a97c91.jpg,0.46383,0.704255,0.568571,0.811429,Chair
359,70593d4081a97c91.jpg,0.0,0.582979,0.561429,0.877143,Table
360,72b4351ae9fc35fc.jpg,0.021875,0.999375,0.153333,0.999167,Bed
361,7345b8db4a390c76.jpg,0.384375,0.995,0.358333,0.963333,Bed
362,736e972a9de35a26.jpg,0.2625,0.41640600000000005,0.579167,0.883333,Chair
363,736e972a9de35a26.jpg,0.182812,0.267969,0.5375,0.728125,Chair
364,736e972a9de35a26.jpg,0.19609400000000002,0.27968699999999996,0.55625,0.748958,Chair
365,736e972a9de35a26.jpg,0.35781199999999996,0.378125,0.508333,0.56875,Chair
366,736e972a9de35a26.jpg,0.41328100000000006,0.496875,0.570833,0.777083,Chair
367,736e972a9de35a26.jpg,0.47890600000000005,0.502344,0.525,0.577083,Chair
368,736e972a9de35a26.jpg,0.619531,0.678906,0.55625,0.652083,Chair
369,736e972a9de35a26.jpg,0.692187,0.9992190000000001,0.665625,0.998958,Chair
370,736e972a9de35a26.jpg,0.32656199999999996,0.42265600000000003,0.561458,0.675,Table
371,736e972a9de35a26.jpg,0.352344,0.507031,0.609375,0.777083,Table
372,736e972a9de35a26.jpg,0.371875,0.43046899999999994,0.49583299999999997,0.530208,Table
373,7651e045ded5db29.jpg,0.873125,0.999375,0.476667,0.828333,Chair
374,7651e045ded5db29.jpg,0.1425,0.72375,0.3125,0.999167,Bed
375,7670aa0b40a7a83e.jpg,0.08984400000000001,0.9394530000000001,0.49780399999999997,0.9985360000000001,Bed
376,796499c179e496e3.jpg,0.189375,0.8675,0.4,0.9925,Bed
377,7e9d494d0339de08.jpg,0.013541999999999998,0.43125,0.374219,0.775781,Table
378,7f9a22d8b8e732e6.jpg,0.310625,0.579375,0.478333,0.990833,Table
379,7f9a22d8b8e732e6.jpg,0.0,0.19875,0.473333,0.999167,Table
380,7f9a22d8b8e732e6.jpg,0.0925,0.27875,0.213333,0.484167,Table
381,7f9a22d8b8e732e6.jpg,0.186875,0.32125,0.1225,0.216667,Table
382,7f9a22d8b8e732e6.jpg,0.25,0.498125,0.0325,0.175833,Table
383,7f9a22d8b8e732e6.jpg,0.40125,0.616875,0.2475,0.423333,Table
384,7f9a22d8b8e732e6.jpg,0.414375,0.605625,0.1425,0.266667,Table
385,7f9a22d8b8e732e6.jpg,0.569375,0.7475,0.0,0.11,Table
386,7f9a22d8b8e732e6.jpg,0.684375,0.994375,0.151667,0.31666700000000003,Table
387,7f9a22d8b8e732e6.jpg,0.7825,0.998125,0.4425,0.628333,Table
388,8638883a0fa972c1.jpg,0.01125,0.89,0.408333,0.98,Bed
389,8638883a0fa972c1.jpg,0.1575,0.281875,0.405,0.606667,Table
390,8a1db0aa6ea61522.jpg,0.057423,0.998599,0.618,0.893,Table
391,908e2102573a9bce.jpg,0.220625,0.320625,0.373938,0.457035,Table
392,908e2102573a9bce.jpg,0.238125,0.713125,0.445704,0.96695,Table
393,908e2102573a9bce.jpg,0.355,0.376875,0.368272,0.403211,Table
394,908e2102573a9bce.jpg,0.39375,0.525625,0.42020799999999997,0.495751,Table
395,908e2102573a9bce.jpg,0.484375,0.513125,0.377715,0.440038,Table
396,908e2102573a9bce.jpg,0.6,0.674375,0.389046,0.422096,Table
397,908e2102573a9bce.jpg,0.669375,0.826875,0.433428,0.542021,Table
398,908e2102573a9bce.jpg,0.84875,0.999375,0.571294,0.789424,Table
399,908e2102573a9bce.jpg,0.9125,0.999375,0.437205,0.5250239999999999,Table
400,991c470b9d469d6d.jpg,0.006875,0.155625,0.669794,0.9831139999999999,Chair
401,991c470b9d469d6d.jpg,0.085625,0.516875,0.6491560000000001,0.982176,Table
402,991c470b9d469d6d.jpg,0.053125,0.1925,0.629456,0.70075,Chair
403,991c470b9d469d6d.jpg,0.09375,0.335,0.727017,0.9990620000000001,Chair
404,991c470b9d469d6d.jpg,0.2825,0.410625,0.635084,0.703565,Chair
405,991c470b9d469d6d.jpg,0.4025,0.545,0.663227,0.754221,Chair
406,991c470b9d469d6d.jpg,0.44125,0.655,0.712008,0.9990620000000001,Chair
407,991c470b9d469d6d.jpg,0.6525,0.69625,0.49249499999999996,0.565666,Chair
408,991c470b9d469d6d.jpg,0.833125,0.999375,0.698874,0.9943709999999999,Chair
409,991c470b9d469d6d.jpg,0.886875,0.980625,0.658537,0.739212,Chair
410,991c470b9d469d6d.jpg,0.934375,0.999375,0.621951,0.696998,Chair
411,991c470b9d469d6d.jpg,0.114375,0.24375,0.532833,0.6463409999999999,Table
412,991c470b9d469d6d.jpg,0.310625,0.3975,0.527205,0.628518,Table
413,991c470b9d469d6d.jpg,0.881875,0.999375,0.697936,0.857411,Table
414,991c470b9d469d6d.jpg,0.955,0.999375,0.6135079999999999,0.6791739999999999,Table
415,99c4278fa103f04f.jpg,0.065,0.3375,0.48,0.995556,Chair
416,99c4278fa103f04f.jpg,0.800625,0.999375,0.75,0.9988889999999999,Chair
417,9be35469fd053ec9.jpg,0.451667,0.886667,0.588125,0.995,Bed
418,9be35469fd053ec9.jpg,0.455833,0.565,0.475625,0.5575,Bed
419,9be35469fd053ec9.jpg,0.46,0.77,0.513125,0.6925,Bed
420,9d3cda27a15c1edd.jpg,0.145,0.739375,0.6177020000000001,0.975518,Table
421,a408f3a45445a388.jpg,0.03625,0.94,0.1825,1.0,Table
422,a442a101959d068b.jpg,0.0,0.8578129999999999,0.205607,0.997664,Bed
423,a86f4fe0486e0b58.jpg,0.615,0.691875,0.591932,0.7495310000000001,Chair
424,a86f4fe0486e0b58.jpg,0.243125,0.291875,0.545028,0.705441,Chair
425,a86f4fe0486e0b58.jpg,0.341875,0.42,0.5572229999999999,0.7148220000000001,Chair
426,a86f4fe0486e0b58.jpg,0.42,0.506875,0.533771,0.7091930000000001,Chair
427,a86f4fe0486e0b58.jpg,0.5275,0.608125,0.5300189999999999,0.712946,Chair
428,ace4e632c84a648e.jpg,0.083333,0.998333,0.665,0.99875,Bed
429,b2526eb88d4495af.jpg,0.0275,0.999167,0.3625,0.998125,Bed
430,b8282d83690a62a6.jpg,0.178333,1.0,0.324375,0.55875,Bed
431,b8282d83690a62a6.jpg,0.0,0.999167,0.84375,0.999375,Table
432,bcb97b34aa7a0fa1.jpg,0.182857,0.647143,0.42765299999999995,0.9903540000000001,Bed
433,bcb97b34aa7a0fa1.jpg,0.029286000000000003,0.20571399999999998,0.677385,0.9142549999999999,Table
434,c1376fe25c09a4a8.jpg,0.0,0.20625,0.495313,0.56875,Table
435,c1376fe25c09a4a8.jpg,0.026563,0.6125,0.765625,0.9984379999999999,Table
436,c1376fe25c09a4a8.jpg,0.245312,0.578125,0.645312,0.775,Table
437,c1376fe25c09a4a8.jpg,0.332812,0.56875,0.575,0.646875,Table
438,c1376fe25c09a4a8.jpg,0.3875,0.5625,0.539062,0.58125,Table
439,c1376fe25c09a4a8.jpg,0.4125,0.560938,0.514063,0.540625,Table
440,c1376fe25c09a4a8.jpg,0.45468800000000004,0.55625,0.490625,0.509375,Table
441,c1376fe25c09a4a8.jpg,0.809375,0.9671879999999999,0.49843699999999996,0.51875,Table
442,c1376fe25c09a4a8.jpg,0.8640620000000001,0.9984379999999999,0.510938,0.548437,Table
443,c1376fe25c09a4a8.jpg,0.9265620000000001,0.9984379999999999,0.542188,0.592188,Table
444,c13bbbd32765654f.jpg,0.0375,0.3425,0.569418,0.736398,Table
445,c13bbbd32765654f.jpg,0.0975,0.685625,0.551595,0.9268290000000001,Table
446,c13bbbd32765654f.jpg,0.140625,0.545,0.674484,0.9990620000000001,Table
447,c13bbbd32765654f.jpg,0.5,0.685625,0.628518,0.9174479999999999,Table
448,c13bbbd32765654f.jpg,0.6525,0.77125,0.591932,0.7842399999999999,Table
449,c13bbbd32765654f.jpg,0.723125,0.8225,0.567542,0.713884,Table
450,c13bbbd32765654f.jpg,0.825625,0.880625,0.540338,0.635084,Table
451,c461bb9e1050a005.jpg,0.25125,0.82625,0.458333,0.999167,Bed
452,c73db32ce7928f56.jpg,0.022876,0.470588,0.591503,0.998366,Chair
453,c73db32ce7928f56.jpg,0.062091999999999994,0.09477100000000001,0.581699,0.604575,Chair
454,c73db32ce7928f56.jpg,0.135621,0.218954,0.163399,0.26634,Chair
455,c73db32ce7928f56.jpg,0.181373,0.45424799999999993,0.17810499999999999,0.45588199999999995,Chair
456,c73db32ce7928f56.jpg,0.20098,0.24346399999999999,0.163399,0.186275,Chair
457,c73db32ce7928f56.jpg,0.24346399999999999,0.263072,0.158497,0.186275,Chair
458,c73db32ce7928f56.jpg,0.289216,0.33169899999999997,0.137255,0.179739,Chair
459,c73db32ce7928f56.jpg,0.29738600000000004,0.370915,0.589869,0.7549020000000001,Chair
460,c73db32ce7928f56.jpg,0.302288,0.397059,0.578431,0.74183,Chair
461,c73db32ce7928f56.jpg,0.423203,0.495098,0.168301,0.310458,Chair
462,c73db32ce7928f56.jpg,0.43137299999999995,0.501634,0.16503299999999999,0.289216,Chair
463,c73db32ce7928f56.jpg,0.447712,0.5718949999999999,0.174837,0.338235,Chair
464,c73db32ce7928f56.jpg,0.54902,0.625817,0.16503299999999999,0.31699299999999997,Chair
465,c73db32ce7928f56.jpg,0.581699,0.8415030000000001,0.173203,0.447712,Chair
466,d4ceb99ccbee99c1.jpg,0.0,0.16625,0.815833,0.999167,Chair
467,d4ceb99ccbee99c1.jpg,0.145625,0.3575,0.554167,0.875,Chair
468,d4ceb99ccbee99c1.jpg,0.648125,0.935,0.683333,0.999167,Chair
469,d4ceb99ccbee99c1.jpg,0.421875,0.67875,0.575833,0.889167,Table
470,d6927776aa67ad69.jpg,0.020625,0.12125,0.309167,0.488333,Chair
471,d6927776aa67ad69.jpg,0.450625,0.6,0.5341670000000001,0.764167,Chair
472,d6927776aa67ad69.jpg,0.70125,0.880625,0.4875,0.710833,Chair
473,d6927776aa67ad69.jpg,0.544375,0.895625,0.524167,0.861667,Table
474,d6927776aa67ad69.jpg,0.80125,0.99125,0.4825,0.698333,Table
475,e01a383d98c15bdf.jpg,0.05,0.356875,0.746667,0.998333,Chair
476,e01a383d98c15bdf.jpg,0.05125,0.305,0.698333,0.901667,Chair
477,e3e8b57e0cc4a594.jpg,0.1025,0.89,0.692308,0.998124,Bed
478,eba445b287d75edd.jpg,0.00375,0.11375,0.574398,0.972648,Table
479,eba445b287d75edd.jpg,0.038125,0.97125,0.19584200000000002,0.998906,Bed
480,eba445b287d75edd.jpg,0.496875,0.999375,0.15645499999999998,0.776805,Bed
481,ebcc63af5d69ee98.jpg,0.04,0.2425,0.284906,0.682076,Chair
482,ebcc63af5d69ee98.jpg,0.213125,0.49875,0.627358,0.993396,Chair
483,ebcc63af5d69ee98.jpg,0.23375,0.28625,0.267925,0.558491,Chair
484,ebcc63af5d69ee98.jpg,0.28625,0.33625,0.198113,0.391509,Chair
485,ebcc63af5d69ee98.jpg,0.323125,0.360625,0.153774,0.35283000000000003,Chair
486,ebcc63af5d69ee98.jpg,0.365625,0.3925,0.133962,0.25188699999999997,Chair
487,ebcc63af5d69ee98.jpg,0.39375,0.51,0.333962,0.7169810000000001,Chair
488,ebcc63af5d69ee98.jpg,0.464375,0.48875,0.142453,0.277359,Chair
489,ebcc63af5d69ee98.jpg,0.51,0.545,0.130189,0.260377,Chair
490,ebcc63af5d69ee98.jpg,0.530625,0.54375,0.173585,0.216038,Chair
491,ebcc63af5d69ee98.jpg,0.533125,0.565625,0.198113,0.328302,Chair
492,ebcc63af5d69ee98.jpg,0.545,0.633125,0.266038,0.5037739999999999,Chair
493,ebcc63af5d69ee98.jpg,0.61125,0.8025,0.291509,0.761321,Chair
494,ebcc63af5d69ee98.jpg,0.64375,0.676875,0.15566,0.267925,Chair
495,ebcc63af5d69ee98.jpg,0.66125,0.70625,0.196226,0.287736,Chair
496,ebcc63af5d69ee98.jpg,0.6625,0.976875,0.5037739999999999,0.999057,Chair
497,ebcc63af5d69ee98.jpg,0.683125,0.726875,0.20188699999999998,0.254717,Chair
498,ebcc63af5d69ee98.jpg,0.725625,0.75,0.128302,0.153774,Chair
499,ebcc63af5d69ee98.jpg,0.726875,0.765,0.151887,0.198113,Chair
500,ebcc63af5d69ee98.jpg,0.730625,0.778125,0.266038,0.291509,Chair
501,ebcc63af5d69ee98.jpg,0.75125,0.833125,0.25849099999999997,0.49811300000000003,Chair
502,ebcc63af5d69ee98.jpg,0.795,0.930625,0.299057,0.606604,Chair
503,ebcc63af5d69ee98.jpg,0.81,0.85875,0.17924500000000002,0.30283000000000004,Chair
504,ebcc63af5d69ee98.jpg,0.835625,0.871875,0.216038,0.29717,Chair
505,ebcc63af5d69ee98.jpg,0.883125,0.999375,0.362264,0.7169810000000001,Chair
506,ebcc63af5d69ee98.jpg,0.923125,0.989375,0.24622600000000003,0.356604,Chair
507,ebcc63af5d69ee98.jpg,0.955,0.999375,0.566038,0.822641,Chair
508,ebcc63af5d69ee98.jpg,0.9675,0.999375,0.281132,0.382075,Chair
509,ee65b219eee18916.jpg,0.204375,0.395,0.727955,0.9831139999999999,Chair
510,ee65b219eee18916.jpg,0.35125,0.74,0.674484,0.982176,Table
511,ee65b219eee18916.jpg,0.0,0.036875,0.559099,0.670732,Chair
512,ee65b219eee18916.jpg,0.026875,0.1075,0.566604,0.7148220000000001,Chair
513,ee65b219eee18916.jpg,0.135625,0.2075,0.574109,0.7091930000000001,Chair
514,ee65b219eee18916.jpg,0.143125,0.15875,0.513133,0.553471,Chair
515,ee65b219eee18916.jpg,0.16,0.178125,0.513133,0.522514,Chair
516,ee65b219eee18916.jpg,0.190625,0.2625,0.566604,0.698874,Chair
517,ee65b219eee18916.jpg,0.228125,0.26625,0.545028,0.56848,Chair
518,ee65b219eee18916.jpg,0.245625,0.296875,0.581613,0.696998,Chair
519,ee65b219eee18916.jpg,0.31875,0.353125,0.5394,0.587242,Chair
520,ee65b219eee18916.jpg,0.325,0.544375,0.8142590000000001,0.9990620000000001,Chair
521,ee65b219eee18916.jpg,0.333125,0.37625,0.591932,0.6913699999999999,Chair
522,ee65b219eee18916.jpg,0.351875,0.385625,0.551595,0.581613,Chair
523,ee65b219eee18916.jpg,0.42125,0.48,0.606942,0.680113,Chair
524,ee65b219eee18916.jpg,0.48125,0.558125,0.595685,0.668856,Chair
525,ee65b219eee18916.jpg,0.490625,0.5225,0.566604,0.599437,Chair
526,ee65b219eee18916.jpg,0.5125,0.5625,0.5759850000000001,0.6510319999999999,Chair
527,ee65b219eee18916.jpg,0.5325,0.56375,0.5243899999999999,0.601313,Chair
528,ee65b219eee18916.jpg,0.586875,0.63125,0.555347,0.654784,Chair
529,ee65b219eee18916.jpg,0.636875,0.67625,0.562852,0.662289,Chair
530,ee65b219eee18916.jpg,0.7225,0.740625,0.531895,0.559099,Chair
531,ee65b219eee18916.jpg,0.725,0.856875,0.8611629999999999,0.9990620000000001,Chair
532,ee65b219eee18916.jpg,0.753125,0.76875,0.564728,0.5853659999999999,Chair
533,ee65b219eee18916.jpg,0.7675,0.77875,0.560976,0.61257,Chair
534,ee65b219eee18916.jpg,0.82875,0.9375,0.760788,0.9990620000000001,Chair
535,ee65b219eee18916.jpg,0.860625,0.885,0.636023,0.695122,Chair
536,ee65b219eee18916.jpg,0.865625,0.88375,0.698874,0.739212,Chair
537,ee65b219eee18916.jpg,0.901875,0.999375,0.645403,0.8283299999999999,Chair
538,ee65b219eee18916.jpg,0.084375,0.235625,0.545028,0.70075,Table
539,ee65b219eee18916.jpg,0.329375,0.42375,0.5703560000000001,0.658537,Table
540,ee65b219eee18916.jpg,0.349375,0.42375,0.522514,0.5759850000000001,Table
541,ee65b219eee18916.jpg,0.425,0.51625,0.572233,0.662289,Table
542,ee65b219eee18916.jpg,0.550625,0.594375,0.5243899999999999,0.601313,Table
543,ee65b219eee18916.jpg,0.625,0.741875,0.545028,0.658537,Table
544,ee65b219eee18916.jpg,0.763125,0.909375,0.577861,0.768293,Table
545,f459b9a244932069.jpg,0.018125,0.1925,0.759733,0.9944379999999999,Chair
546,f459b9a244932069.jpg,0.03125,0.156875,0.914349,0.9944379999999999,Chair
547,f459b9a244932069.jpg,0.18625,0.29,0.688543,0.7430479999999999,Chair
548,f459b9a244932069.jpg,0.3025,0.461875,0.7018909999999999,0.9733040000000001,Chair
549,f459b9a244932069.jpg,0.330625,0.481875,0.944383,0.9988879999999999,Chair
550,f459b9a244932069.jpg,0.469375,0.59625,0.786429,0.9988879999999999,Chair
551,f459b9a244932069.jpg,0.49,0.65625,0.666296,0.9666299999999999,Chair
552,f459b9a244932069.jpg,0.616875,0.795,0.72525,0.9944379999999999,Chair
553,f459b9a244932069.jpg,0.676875,0.823125,0.6229140000000001,0.932147,Chair
554,f459b9a244932069.jpg,0.775625,0.8475,0.5862069999999999,0.709677,Chair
555,f459b9a244932069.jpg,0.80125,0.95875,0.656285,0.9944379999999999,Chair
556,f459b9a244932069.jpg,0.881875,0.999375,0.6184649999999999,0.939933,Chair
557,f459b9a244932069.jpg,0.928125,0.983125,0.553949,0.608454,Chair
558,f459b9a244932069.jpg,0.083125,0.500625,0.727475,0.9988879999999999,Table
559,f459b9a244932069.jpg,0.561875,0.93375,0.625139,0.9988879999999999,Table
560,f459b9a244932069.jpg,0.7875,0.999375,0.572859,0.9099,Table
561,f459b9a244932069.jpg,0.965625,0.999375,0.542825,0.595106,Table
562,f76f4c26ec4050dd.jpg,0.704375,0.94625,0.4025,0.8075,Chair
563,f76f4c26ec4050dd.jpg,0.10875,0.583125,0.390833,0.928333,Bed
564,f9075c33f34c7280.jpg,0.108333,0.946667,0.51875,0.999375,Table
565,f9075c33f34c7280.jpg,0.07333300000000001,0.3225,0.59875,0.984375,Chair
566,f9075c33f34c7280.jpg,0.235,0.6675,0.70625,0.999375,Chair
567,f9075c33f34c7280.jpg,0.601667,0.793333,0.51625,0.66,Chair
568,f9075c33f34c7280.jpg,0.6175,0.998333,0.6225,0.999375,Chair
569,fba395ddbeb3ca2a.jpg,0.0,0.166875,0.35928699999999997,0.526266,Table
570,fba395ddbeb3ca2a.jpg,0.0,0.67625,0.7757970000000001,0.9990620000000001,Table
571,fba395ddbeb3ca2a.jpg,0.021875,0.881875,0.48968100000000003,0.9052530000000001,Table
572,fba395ddbeb3ca2a.jpg,0.4475,0.76,0.37242,0.564728,Table
